"Population","","Allele: frequency (count)","Genotype: frequency (count)","Genotypes"
"ALL;1000GENOMES:phase_3:ALL","","A: 0.825 (4130) G: 0.175 (878) ","A|A: 0.688 (1722) A|G: 0.274 (686) G|G: 0.038 (96) ",""
"AFR;1000GENOMES:phase_3:AFR","","A: 0.920 (1216) G: 0.080 (106) ","A|A: 0.844 (558) A|G: 0.151 (100) G|G: 0.005 (3) ",""
"  ACB;1000GENOMES:phase_3:ACB","","A: 0.885 (170) G: 0.115 (22) ","A|A: 0.781 (75) A|G: 0.208 (20) G|G: 0.010 (1) ",""
"  ASW;1000GENOMES:phase_3:ASW","","A: 0.836 (102) G: 0.164 (20) ","A|A: 0.672 (41) A|G: 0.328 (20) ",""
"  ESN;1000GENOMES:phase_3:ESN","","A: 0.939 (186) G: 0.061 (12) ","A|A: 0.879 (87) A|G: 0.121 (12) ",""
"  GWD;1000GENOMES:phase_3:GWD","","A: 0.920 (208) G: 0.080 (18) ","A|A: 0.850 (96) A|G: 0.142 (16) G|G: 0.009 (1) ",""
"  LWK;1000GENOMES:phase_3:LWK","","A: 0.955 (189) G: 0.045 (9) ","A|A: 0.909 (90) A|G: 0.091 (9) ",""
"  MSL;1000GENOMES:phase_3:MSL","","A: 0.935 (159) G: 0.065 (11) ","A|A: 0.871 (74) A|G: 0.129 (11) ",""
"  YRI;1000GENOMES:phase_3:YRI","","A: 0.935 (202) G: 0.065 (14) ","A|A: 0.880 (95) A|G: 0.111 (12) G|G: 0.009 (1) ",""
"AMR;1000GENOMES:phase_3:AMR","","A: 0.816 (566) G: 0.184 (128) ","A|A: 0.663 (230) A|G: 0.305 (106) G|G: 0.032 (11) ",""
"  CLM;1000GENOMES:phase_3:CLM","","A: 0.835 (157) G: 0.165 (31) ","A|A: 0.681 (64) A|G: 0.309 (29) G|G: 0.011 (1) ",""
"  MXL;1000GENOMES:phase_3:MXL","","A: 0.789 (101) G: 0.211 (27) ","A|A: 0.641 (41) A|G: 0.297 (19) G|G: 0.062 (4) ",""
"  PEL;1000GENOMES:phase_3:PEL","","A: 0.865 (147) G: 0.135 (23) ","A|A: 0.741 (63) A|G: 0.247 (21) G|G: 0.012 (1) ",""
"  PUR;1000GENOMES:phase_3:PUR","","A: 0.774 (161) G: 0.226 (47) ","A|A: 0.596 (62) A|G: 0.356 (37) G|G: 0.048 (5) ",""
"EAS;1000GENOMES:phase_3:EAS","","A: 0.735 (741) G: 0.265 (267) ","A|A: 0.550 (277) A|G: 0.371 (187) G|G: 0.079 (40) ",""
"  CDX;1000GENOMES:phase_3:CDX","","A: 0.839 (156) G: 0.161 (30) ","A|A: 0.699 (65) A|G: 0.280 (26) G|G: 0.022 (2) ",""
"  CHB;1000GENOMES:phase_3:CHB","","A: 0.714 (147) G: 0.286 (59) ","A|A: 0.524 (54) A|G: 0.379 (39) G|G: 0.097 (10) ",""
"  CHS;1000GENOMES:phase_3:CHS","","A: 0.714 (150) G: 0.286 (60) ","A|A: 0.495 (52) A|G: 0.438 (46) G|G: 0.067 (7) ",""
"  JPT;1000GENOMES:phase_3:JPT","","A: 0.644 (134) G: 0.356 (74) ","A|A: 0.433 (45) A|G: 0.423 (44) G|G: 0.144 (15) ",""
"  KHV;1000GENOMES:phase_3:KHV","","A: 0.778 (154) G: 0.222 (44) ","A|A: 0.616 (61) A|G: 0.323 (32) G|G: 0.061 (6) ",""
"EUR;1000GENOMES:phase_3:EUR","","A: 0.727 (731) G: 0.273 (275) ","A|A: 0.527 (265) A|G: 0.400 (201) G|G: 0.074 (37) ",""
"  CEU;1000GENOMES:phase_3:CEU","","A: 0.753 (149) G: 0.247 (49) ","A|A: 0.566 (56) A|G: 0.374 (37) G|G: 0.061 (6) ",""
"  FIN;1000GENOMES:phase_3:FIN","","A: 0.616 (122) G: 0.384 (76) ","A|A: 0.374 (37) A|G: 0.485 (48) G|G: 0.141 (14) ",""
"  GBR;1000GENOMES:phase_3:GBR","","A: 0.780 (142) G: 0.220 (40) ","A|A: 0.637 (58) A|G: 0.286 (26) G|G: 0.077 (7) ",""
"  IBS;1000GENOMES:phase_3:IBS","","A: 0.743 (159) G: 0.257 (55) ","A|A: 0.533 (57) A|G: 0.421 (45) G|G: 0.047 (5) ",""
"  TSI;1000GENOMES:phase_3:TSI","","A: 0.743 (159) G: 0.257 (55) ","A|A: 0.533 (57) A|G: 0.421 (45) G|G: 0.047 (5) ",""
"SAS;1000GENOMES:phase_3:SAS","","A: 0.896 (876) G: 0.104 (102) ","A|A: 0.802 (392) A|G: 0.188 (92) G|G: 0.010 (5) ",""
"  BEB;1000GENOMES:phase_3:BEB","","A: 0.901 (155) G: 0.099 (17) ","A|A: 0.814 (70) A|G: 0.174 (15) G|G: 0.012 (1) ",""
"  GIH;1000GENOMES:phase_3:GIH","","A: 0.869 (179) G: 0.131 (27) ","A|A: 0.757 (78) A|G: 0.223 (23) G|G: 0.019 (2) ",""
"  ITU;1000GENOMES:phase_3:ITU","","A: 0.907 (185) G: 0.093 (19) ","A|A: 0.814 (83) A|G: 0.186 (19) ",""
"  PJL;1000GENOMES:phase_3:PJL","","A: 0.885 (170) G: 0.115 (22) ","A|A: 0.792 (76) A|G: 0.188 (18) G|G: 0.021 (2) ",""
"  STU;1000GENOMES:phase_3:STU","","A: 0.917 (187) G: 0.083 (17) ","A|A: 0.833 (85) A|G: 0.167 (17) ",""
